"EMPLOYEE_ID","FIRST_NAME","LAST_NAME","DEPARTMENT_NAME","SALARY","CITY","STATE_PROVINCE","COUNTRY_NAME","REGION_NAME"
201,"Michael","Martinez","Marketing",13000,"Toronto","Ontario","Canada","Americas"
202,"Pat","Davis","Marketing",6000,"Toronto","Ontario","Canada","Americas"
100,"Steven","King","Executive",24000,"Seattle","Washington","United States of America","Americas"
101,"Neena","Yang","Executive",17000,"Seattle","Washington","United States of America","Americas"
102,"Lex","Garcia","Executive",17000,"Seattle","Washington","United States of America","Americas"
205,"Shelley","Higgins","Accounting",12008,"Seattle","Washington","United States of America","Americas"
108,"Nancy","Gruenberg","Finance",12008,"Seattle","Washington","United States of America","Americas"
114,"Den","Li","Purchasing",11000,"Seattle","Washington","United States of America","Americas"
109,"Daniel","Faviet","Finance",9000,"Seattle","Washington","United States of America","Americas"
206,"William","Gietz","Accounting",8300,"Seattle","Washington","United States of America","Americas"
110,"John","Chen","Finance",8200,"Seattle","Washington","United States of America","Americas"
112,"Jose Manuel","Urman","Finance",7800,"Seattle","Washington","United States of America","Americas"
111,"Ismael","Sciarra","Finance",7700,"Seattle","Washington","United States of America","Americas"
113,"Luis","Popp","Finance",6900,"Seattle","Washington","United States of America","Americas"
200,"Jennifer","Whalen","Administration",4400,"Seattle","Washington","United States of America","Americas"
115,"Alexander","Khoo","Purchasing",3100,"Seattle","Washington","United States of America","Americas"
116,"Shelli","Baida","Purchasing",2900,"Seattle","Washington","United States of America","Americas"
117,"Sigal","Tobias","Purchasing",2800,"Seattle","Washington","United States of America","Americas"
118,"Guy","Himuro","Purchasing",2600,"Seattle","Washington","United States of America","Americas"
119,"Karen","Colmenares","Purchasing",2500,"Seattle","Washington","United States of America","Americas"
121,"Adam","Fripp","Shipping",8200,"South San Francisco","California","United States of America","Americas"
120,"Matthew","Weiss","Shipping",8000,"South San Francisco","California","United States of America","Americas"
122,"Payam","Kaufling","Shipping",7900,"South San Francisco","California","United States of America","Americas"
123,"Shanta","Vollman","Shipping",6500,"South San Francisco","California","United States of America","Americas"
124,"Kevin","Mourgos","Shipping",5800,"South San Francisco","California","United States of America","Americas"
184,"Nandita","Sarchand","Shipping",4200,"South San Francisco","California","United States of America","Americas"
185,"Alexis","Bull","Shipping",4100,"South San Francisco","California","United States of America","Americas"
192,"Sarah","Bell","Shipping",4000,"South San Francisco","California","United States of America","Americas"
193,"Britney","Everett","Shipping",3900,"South San Francisco","California","United States of America","Americas"
188,"Kelly","Chung","Shipping",3800,"South San Francisco","California","United States of America","Americas"
137,"Renske","Ladwig","Shipping",3600,"South San Francisco","California","United States of America","Americas"
189,"Jennifer","Dilly","Shipping",3600,"South San Francisco","California","United States of America","Americas"
141,"Trenna","Rajs","Shipping",3500,"South San Francisco","California","United States of America","Americas"
186,"Julia","Dellinger","Shipping",3400,"South San Francisco","California","United States of America","Americas"
133,"Jason","Mallin","Shipping",3300,"South San Francisco","California","United States of America","Americas"
129,"Laura","Bissot","Shipping",3300,"South San Francisco","California","United States of America","Americas"
125,"Julia","Nayer","Shipping",3200,"South San Francisco","California","United States of America","Americas"
138,"Stephen","Stiles","Shipping",3200,"South San Francisco","California","United States of America","Americas"
194,"Samuel","McLeod","Shipping",3200,"South San Francisco","California","United States of America","Americas"
180,"Winston","Taylor","Shipping",3200,"South San Francisco","California","United States of America","Americas"
196,"Alana","Walsh","Shipping",3100,"South San Francisco","California","United States of America","Americas"
142,"Curtis","Davies","Shipping",3100,"South San Francisco","California","United States of America","Americas"
181,"Jean","Fleaur","Shipping",3100,"South San Francisco","California","United States of America","Americas"
187,"Anthony","Cabrio","Shipping",3000,"South San Francisco","California","United States of America","Americas"
197,"Kevin","Feeney","Shipping",3000,"South San Francisco","California","United States of America","Americas"
190,"Timothy","Venzl","Shipping",2900,"South San Francisco","California","United States of America","Americas"
134,"Michael","Rogers","Shipping",2900,"South San Francisco","California","United States of America","Americas"
130,"Mozhe","Atkinson","Shipping",2800,"South San Francisco","California","United States of America","Americas"
183,"Girard","Geoni","Shipping",2800,"South San Francisco","California","United States of America","Americas"
195,"Vance","Jones","Shipping",2800,"South San Francisco","California","United States of America","Americas"
139,"John","Seo","Shipping",2700,"South San Francisco","California","United States of America","Americas"
126,"Irene","Mikkilineni","Shipping",2700,"South San Francisco","California","United States of America","Americas"
198,"Donald","OConnell","Shipping",2600,"South San Francisco","California","United States of America","Americas"
143,"Randall","Matos","Shipping",2600,"South San Francisco","California","United States of America","Americas"
199,"Douglas","Grant","Shipping",2600,"South San Francisco","California","United States of America","Americas"
144,"Peter","Vargas","Shipping",2500,"South San Francisco","California","United States of America","Americas"
140,"Joshua","Patel","Shipping",2500,"South San Francisco","California","United States of America","Americas"
131,"James","Marlow","Shipping",2500,"South San Francisco","California","United States of America","Americas"
191,"Randall","Perkins","Shipping",2500,"South San Francisco","California","United States of America","Americas"
182,"Martha","Sullivan","Shipping",2500,"South San Francisco","California","United States of America","Americas"
127,"James","Landry","Shipping",2400,"South San Francisco","California","United States of America","Americas"
135,"Ki","Gee","Shipping",2400,"South San Francisco","California","United States of America","Americas"
128,"Steven","Markle","Shipping",2200,"South San Francisco","California","United States of America","Americas"
136,"Hazel","Philtanker","Shipping",2200,"South San Francisco","California","United States of America","Americas"
132,"TJ","Olson","Shipping",2100,"South San Francisco","California","United States of America","Americas"
103,"Alexander","James","IT",9000,"Southlake","Texas","United States of America","Americas"
104,"Bruce","Miller","IT",6000,"Southlake","Texas","United States of America","Americas"
105,"David","Williams","IT",4800,"Southlake","Texas","United States of America","Americas"
106,"Valli","Jackson","IT",4800,"Southlake","Texas","United States of America","Americas"
107,"Diana","Nguyen","IT",4200,"Southlake","Texas","United States of America","Americas"
204,"Hermann","Brown","Public Relations",10000,"Munich","Bavaria","Germany","Europe"
203,"Susan","Jacobs","Human Resources",6500,"London",,"United Kingdom of Great Britain and Northern Ireland","Europe"
145,"John","Singh","Sales",14000,"Oxford","Oxford","United Kingdom of Great Britain and Northern Ireland","Europe"
146,"Karen","Partners","Sales",13500,"Oxford","Oxford","United Kingdom of Great Britain and Northern Ireland","Europe"
147,"Alberto","Errazuriz","Sales",12000,"Oxford","Oxford","United Kingdom of Great Britain and Northern Ireland","Europe"
168,"Lisa","Ozer","Sales",11500,"Oxford","Oxford","United Kingdom of Great Britain and Northern Ireland","Europe"
174,"Ellen","Abel","Sales",11000,"Oxford","Oxford","United Kingdom of Great Britain and Northern Ireland","Europe"
148,"Gerald","Cambrault","Sales",11000,"Oxford","Oxford","United Kingdom of Great Britain and Northern Ireland","Europe"
162,"Clara","Vishney","Sales",10500,"Oxford","Oxford","United Kingdom of Great Britain and Northern Ireland","Europe"
149,"Eleni","Zlotkey","Sales",10500,"Oxford","Oxford","United Kingdom of Great Britain and Northern Ireland","Europe"
156,"Janette","King","Sales",10000,"Oxford","Oxford","United Kingdom of Great Britain and Northern Ireland","Europe"
169,"Harrison","Bloom","Sales",10000,"Oxford","Oxford","United Kingdom of Great Britain and Northern Ireland","Europe"
150,"Sean","Tucker","Sales",10000,"Oxford","Oxford","United Kingdom of Great Britain and Northern Ireland","Europe"
170,"Tayler","Fox","Sales",9600,"Oxford","Oxford","United Kingdom of Great Britain and Northern Ireland","Europe"
163,"Danielle","Greene","Sales",9500,"Oxford","Oxford","United Kingdom of Great Britain and Northern Ireland","Europe"
151,"David","Bernstein","Sales",9500,"Oxford","Oxford","United Kingdom of Great Britain and Northern Ireland","Europe"
157,"Patrick","Sully","Sales",9500,"Oxford","Oxford","United Kingdom of Great Britain and Northern Ireland","Europe"
158,"Allan","McEwen","Sales",9000,"Oxford","Oxford","United Kingdom of Great Britain and Northern Ireland","Europe"
152,"Peter","Hall","Sales",9000,"Oxford","Oxford","United Kingdom of Great Britain and Northern Ireland","Europe"
175,"Alyssa","Hutton","Sales",8800,"Oxford","Oxford","United Kingdom of Great Britain and Northern Ireland","Europe"
176,"Jonathon","Taylor","Sales",8600,"Oxford","Oxford","United Kingdom of Great Britain and Northern Ireland","Europe"
177,"Jack","Livingston","Sales",8400,"Oxford","Oxford","United Kingdom of Great Britain and Northern Ireland","Europe"
153,"Christopher","Olsen","Sales",8000,"Oxford","Oxford","United Kingdom of Great Britain and Northern Ireland","Europe"
159,"Lindsey","Smith","Sales",8000,"Oxford","Oxford","United Kingdom of Great Britain and Northern Ireland","Europe"
154,"Nanette","Cambrault","Sales",7500,"Oxford","Oxford","United Kingdom of Great Britain and Northern Ireland","Europe"
160,"Louise","Doran","Sales",7500,"Oxford","Oxford","United Kingdom of Great Britain and Northern Ireland","Europe"
171,"William","Smith","Sales",7400,"Oxford","Oxford","United Kingdom of Great Britain and Northern Ireland","Europe"
172,"Elizabeth","Bates","Sales",7300,"Oxford","Oxford","United Kingdom of Great Britain and Northern Ireland","Europe"
164,"Mattea","Marvins","Sales",7200,"Oxford","Oxford","United Kingdom of Great Britain and Northern Ireland","Europe"
155,"Oliver","Tuvault","Sales",7000,"Oxford","Oxford","United Kingdom of Great Britain and Northern Ireland","Europe"
161,"Sarath","Sewall","Sales",7000,"Oxford","Oxford","United Kingdom of Great Britain and Northern Ireland","Europe"
165,"David","Lee","Sales",6800,"Oxford","Oxford","United Kingdom of Great Britain and Northern Ireland","Europe"
166,"Sundar","Ande","Sales",6400,"Oxford","Oxford","United Kingdom of Great Britain and Northern Ireland","Europe"
179,"Charles","Johnson","Sales",6200,"Oxford","Oxford","United Kingdom of Great Britain and Northern Ireland","Europe"
167,"Amit","Banda","Sales",6200,"Oxford","Oxford","United Kingdom of Great Britain and Northern Ireland","Europe"
173,"Sundita","Kumar","Sales",6100,"Oxford","Oxford","United Kingdom of Great Britain and Northern Ireland","Europe"
